epoch,samples,train_loss,valid_loss
1,3000,2.5741441272993884,2.565130916684877
1,6000,2.502243759175142,2.565130916684877
