epoch,samples,train_loss,valid_loss
1,100,354093.28125,248433.45976437692
1,200,247388.484375,221835.32101138172
1,300,234191.703125,237067.04727436122
1,400,177954.90625,223671.13198881788
1,500,214093.71875,221933.18433007176
1,600,345697.125,224473.29195786742
1,700,144379.203125,233209.54595147748
1,800,230973.515625,262248.64062500006
1,900,133646.5,240989.52486022367
1,1000,236979.109375,223675.598866813
1,1100,237372.46875,241816.82702675732
1,1200,392838.46875,222057.27291333847
